fund_id,exchange,ticker,name,sector,sector_raw,currency,structure,market_cap,status,nta_total_return_5y,nta_total_return_10y,nta_total_return_since_inception,nta_history_years,nta_type,returns_provenance,nta_observations,r5_source,r10_source,r_all_source,growth_provenance,discount_current,discount_date,discount_mean_5y,discount_mean_10y,discount_mean_all,discount_stdev_5y,discount_zscore,discount_pct_time_wide,d_star,peer_group,n_peers,trailing_dividend_yield,g_conservative,g_base,g_shrunk,g_prior,g_weight_on_data,g_regime,g_haircut,r_discount,r_discount_undamped,damping,drag,forward_return_total,rankable,exclusion_reason,windup_scenario,activist_score,activist_prize,activist_register,activist_endgame,activist_coverage,matched_activists,insider_pct,top20_pct,largest_holder_pct,source_status,source_url,warnings
ASX:MRE,ASX,MRE,Metrics Real Estate Multi-Strategy Fund,property,Units,AUD,LIC,286180000.0,live,,,0.21228619839872498,1.6618754277891854,unspecified,computed,19,,,computed,computed,-0.29018052320267695,2026-08-14,-0.13796848205098375,-0.13796848205098375,-0.13796848205098375,0.08089438727608267,-1.8816143650635746,0.5844748858447488,-0.13796848205098375,property@none,0,0.05448275832207582,0.0631265928930687,0.21228619839872498,0.07312659289306869,0.05,0.1425049888484564,single_window,0.01,0.020579154042827508,0.020579154042827508,1.0,0.005,0.0787057469358962,False,only 1.7y of NTA history and no stated 5y return (need 5y),,65.0860554970144,87.01484018264838,,30.0,0.43250000000000005,,,,,ok,https://www.asx.com.au/content/dam/asx/issuers/asx-investment-products-reports/2026/excel/asx-investment-products-july-2026-abs.xlsx,
ASX:RG8,ASX,RG8,Regal Asian Investments Limited,equity,Shares,AUD,LIC,365610000.0,live,0.1019541,,0.2793688409239834,1.9137577002053388,unspecified,computed,22,stated,,computed,stated,-0.20606064073967212,2026-08-14,-0.1392212968182339,-0.1392212968182339,-0.1392212968182339,0.06852277414069954,-0.9754325442836759,0.8303747534516766,-0.11308891273402387,equity@ASX,53,0.06949807180118431,0.06733564919277164,0.17291999636959338,0.08233564919277164,0.065,0.16063426404688036,deteriorating,0.015,0.0074426673940424515,0.011445180044984182,0.650288362855784,0.005,0.06977831658681409,True,,,74.97093663852914,62.45277203760983,,95.0,0.5125000000000001,,,,,ok,https://www.asx.com.au/content/dam/asx/issuers/asx-investment-products-reports/2026/excel/asx-investment-products-july-2026-abs.xlsx,"5y return is the publisher's stated figure, not recomputed here (the ASX archive is shallower than its performance table)"
ASX:MEC,ASX,MEC,Morphic Ethical Equities Fund Limited,equity,Shares,AUD,LIC,36990000.0,live,0.06920925,,0.20696618887807539,1.9137577002053388,unspecified,computed,22,stated,,computed,stated,-0.22601584823872223,2026-08-14,-0.1284416039625257,-0.1284416039625257,-0.1284416039625257,0.038656715557124334,-2.5241214332347446,0.8579881656804734,-0.10769906630616978,equity@ASX,53,0.02918455031184742,0.059527543573551625,0.12431202555123017,0.07452754357355162,0.065,0.16063426404688036,deteriorating,0.015,0.01483970095288778,0.01483970095288778,1.0,0.005,0.0693672445264394,True,,,66.72735585206611,49.05695325960741,,95.0,0.5125000000000001,,,,,ok,https://www.asx.com.au/content/dam/asx/issuers/asx-investment-products-reports/2026/excel/asx-investment-products-july-2026-abs.xlsx,"5y return is the publisher's stated figure, not recomputed here (the ASX archive is shallower than its performance table)"
ASX:WAA,ASX,WAA,WAM Active Limited,equity,Shares,AUD,LIC,169400000.0,live,0.1262323,,0.28548589259931356,1.9137577002053388,unspecified,computed,22,stated,,computed,stated,-0.07752268755265579,2026-08-14,-0.008200907315554796,-0.008200907315554796,-0.008200907315554796,0.0739804147370441,-0.9370288134163379,0.03353057199211045,-0.05071931100242039,equity@ASX,53,0.06845741907930498,0.07006863890400278,0.18993373703972544,0.08506863890400278,0.065,0.16063426404688036,deteriorating,0.015,0.0018046221467054697,0.0028888473665915626,0.624685875610892,0.005,0.06687326105070825,True,,,53.210698766066265,27.092385494857687,,95.0,0.5125000000000001,,,,,ok,https://www.asx.com.au/content/dam/asx/issuers/asx-investment-products-reports/2026/excel/asx-investment-products-july-2026-abs.xlsx,"5y return is the publisher's stated figure, not recomputed here (the ASX archive is shallower than its performance table)"
ASX:LSX,ASX,LSX,Lion Selection Group Limited,equity,Shares,AUD,LIC,121760000.0,live,0.1899158,,0.272692703887236,1.9137577002053388,unspecified,computed,22,stated,,computed,stated,-0.09323771468928599,2026-08-14,-0.14484235640669493,-0.14484235640669493,-0.14484235640669493,0.1309442079277827,0.394096405897308,0.7297830374753451,-0.11589944252825439,equity@ASX,53,,0.07538448041522951,0.2230265615548944,0.0903844804152295,0.065,0.16063426404688036,deteriorating,0.015,-0.005049113722880527,-0.005049113722880527,1.0,0.005,0.06533536669234898,True,,,60.07358519192839,38.24457593688363,,95.0,0.5125000000000001,,,,,ok,https://www.asx.com.au/content/dam/asx/issuers/asx-investment-products-reports/2026/excel/asx-investment-products-july-2026-abs.xlsx,"5y return is the publisher's stated figure, not recomputed here (the ASX archive is shallower than its performance table)"
ASX:TGF,ASX,TGF,Tribeca Global Natural Resources Limited,equity,Shares,AUD,LIC,172440000.0,live,0.041749470000000004,,0.3766428862774527,1.9137577002053388,unspecified,computed,22,stated,,computed,stated,-0.2512909078898953,2026-08-14,-0.22755736051132214,-0.22755736051132214,-0.22755736051132214,0.13527704242046384,-0.17544401440124094,0.9566074950690335,-0.157256944580568,equity@ASX,53,0.05357142948374459,0.06778331120789975,0.17570683651098107,0.08278331120789975,0.065,0.16063426404688036,deteriorating,0.015,0.001433422780224865,0.012255386299015791,0.11696267626749396,0.005,0.06421673398812461,True,,,78.60956439932443,68.3655421489022,,95.0,0.5125000000000001,,,,,ok,https://www.asx.com.au/content/dam/asx/issuers/asx-investment-products-reports/2026/excel/asx-investment-products-july-2026-abs.xlsx,"5y return is the publisher's stated figure, not recomputed here (the ASX archive is shallower than its performance table)"
ASX:CD3,ASX,CD3,Cd Private Equity Fund III,private_equity,Units,AUD,LIC,69150000.0,live,0.1339669,,0.0255671486472433,1.9137577002053388,unspecified,computed,22,stated,,computed,stated,-0.49999998641919485,2026-08-14,-0.3545321427692507,-0.3545321427692507,-0.3545321427692507,0.055512598588648994,-2.620447382185579,1.0,-0.43010358970149587,private_equity@global,4,0.30232557636650925,0.0544689042639143,0.0355671486472433,0.0644689042639143,0.07,0.16063426404688036,improving,0.01,0.013604067866746616,0.013604067866746616,1.0,0.005,0.0630729721306609,True,,,39.09281593895165,51.025825900796434,,20.0,0.5125000000000001,,,,,ok,https://www.asx.com.au/content/dam/asx/issuers/asx-investment-products-reports/2026/excel/asx-investment-products-july-2026-abs.xlsx,"5y return is the publisher's stated figure, not recomputed here (the ASX archive is shallower than its performance table)"
ASX:TOP,ASX,TOP,Thorney Opportunities Ltd,equity,Shares,AUD,LIC,95630000.0,live,0.06634489,,0.021470798108037537,1.9137577002053388,unspecified,computed,18,stated,,computed,stated,-0.40563087294322975,2026-08-14,-0.35280232228517827,-0.35280232228517827,-0.35280232228517827,0.04674318744209243,-1.1301871684188818,1.0,-0.21987942546749606,equity@ASX,53,0.04529914696070811,0.044614061330005346,0.03147079810803754,0.059614061330005345,0.065,0.16063426404688036,improving,0.015,0.02219968658936301,0.0294637302692351,0.7534581122792545,0.005,0.061813747919368354,True,,0.22599495888151566,84.87282051282051,78.54333333333334,,95.0,0.5125000000000001,,,,,ok,https://www.asx.com.au/content/dam/asx/issuers/asx-investment-products-reports/2026/excel/asx-investment-products-july-2026-abs.xlsx,"5y return is the publisher's stated figure, not recomputed here (the ASX archive is shallower than its performance table)"
ASX:OEQ,ASX,OEQ,Orion Equities Limited,equity,Shares,AUD,LIC,3210000.0,live,,,-0.011575722761530072,1.9137577002053388,unspecified,computed,22,,,computed,computed,-0.5346558961160564,2026-08-14,-0.594041498061537,-0.594041498061537,-0.594041498061537,0.06490709619061875,0.914932348399587,1.0,-0.34049901335567545,equity@ASX,53,,0.042699315130343675,-0.011575722761530072,0.05269931513034368,0.065,0.16063426404688036,single_window,0.01,0.02355794598078205,0.038622439170486134,0.609954898933058,0.005,0.061257261111125734,False,only 1.9y of NTA history and no stated 5y return (need 5y),0.3244905182234877,82.6923076923077,75.0,,95.0,0.43250000000000005,,,,,ok,https://www.asx.com.au/content/dam/asx/issuers/asx-investment-products-reports/2026/excel/asx-investment-products-july-2026-abs.xlsx,
ASX:GFL,ASX,GFL,Global Masters Fund Limited,equity,Shares,AUD,LIC,32500000.0,live,0.03796136,,-0.019604484191639737,1.9137577002053388,unspecified,computed,22,stated,,computed,stated,-0.3405600550375011,2026-08-14,-0.29230596402507214,-0.29230596402507214,-0.29230596402507214,0.033925346751409104,-1.4223610259908306,1.0,-0.189631246337443,equity@ASX,53,,0.043015963587278834,-0.009604484191639737,0.053015963587278836,0.065,0.16063426404688036,improving,0.01,0.020772527105198647,0.021906386696789903,0.9482406839938871,0.005,0.058788490692477484,True,,,76.55969435897435,65.03450333333333,,95.0,0.5125000000000001,,,,,ok,https://www.asx.com.au/content/dam/asx/issuers/asx-investment-products-reports/2026/excel/asx-investment-products-july-2026-abs.xlsx,"no distributions found: the 'total return' equals NAV price growth for this fund and understates it if it in fact pays distributions | 5y return is the publisher's stated figure, not recomputed here (the ASX archive is shallower than its performance table)"
ASX:NGE,ASX,NGE,NGE Capital Limited,equity,Shares,AUD,LIC,41370000.0,live,0.1317747,,0.10873119390575536,1.9137577002053388,unspecified,computed,22,stated,,computed,stated,-0.17924531600760218,2026-08-14,-0.1774431834937101,-0.1774431834937101,-0.1774431834937101,0.05140285629316995,-0.03505899562494807,0.960552268244576,-0.132199856071762,equity@ASX,53,,0.06313520114169507,0.11564424573402873,0.07313520114169507,0.065,0.16063426404688036,improving,0.01,0.00013246159160386234,0.005667372492108802,0.02337266374996538,0.005,0.05826766273329894,True,,,58.35245991249873,35.44774735781044,,95.0,0.5125000000000001,,,,,ok,https://www.asx.com.au/content/dam/asx/issuers/asx-investment-products-reports/2026/excel/asx-investment-products-july-2026-abs.xlsx,"no distributions found: the 'total return' equals NAV price growth for this fund and understates it if it in fact pays distributions | 5y return is the publisher's stated figure, not recomputed here (the ASX archive is shallower than its performance table)"
ASX:LRT,ASX,LRT,Lowell Resources Fund,unknown,Units,AUD,LIC,84360000.0,live,0.1311384,,0.5058405926586309,1.9137577002053388,unspecified,computed,22,stated,,computed,stated,-0.09359607790491264,2026-08-14,-0.12009201433620013,-0.12009201433620013,-0.12009201433620013,0.21571652281518994,0.1228275705796874,0.7613412228796844,-0.13624342729118766,unknown@global,4,0.07019607974400388,0.07210961155173003,0.28101927706345237,0.08710961155173003,0.05,0.16063426404688036,deteriorating,0.015,-0.00959250601133288,-0.00959250601133288,1.0,0.005,0.05751710554039715,True,,,40.043198300713094,33.82019723865878,,50.0,0.5125000000000001,,,,,ok,https://www.asx.com.au/content/dam/asx/issuers/asx-investment-products-reports/2026/excel/asx-investment-products-july-2026-abs.xlsx,"5y return is the publisher's stated figure, not recomputed here (the ASX archive is shallower than its performance table)"
ASX:CAM,ASX,CAM,Clime Capital Limited,equity,Shares,AUD,LIC,95630000.0,live,0.02637769,,0.056234494538796476,1.9137577002053388,unspecified,computed,22,stated,,computed,stated,-0.1793312924973508,2026-08-14,-0.08418358231949515,-0.08418358231949515,-0.08418358231949515,0.061456603752842336,-1.5482097019306102,0.5029585798816568,-0.08557005548465449,equity@ASX,53,0.0805970129177496,0.05071434398691199,0.038320411815518596,0.060714343986911994,0.065,0.16063426404688036,deteriorating,0.01,0.011172524699951447,0.011172524699951447,1.0,0.005,0.05688686868686344,True,,,77.00115064615623,65.75186980000389,,95.0,0.5125000000000001,,,,,ok,https://www.asx.com.au/content/dam/asx/issuers/asx-investment-products-reports/2026/excel/asx-investment-products-july-2026-abs.xlsx,"5y return is the publisher's stated figure, not recomputed here (the ASX archive is shallower than its performance table)"
ASX:CIN,ASX,CIN,Carlton Investments Limited,equity,Shares,AUD,LIC,895620000.0,live,0.06322542,,0.0904855116080927,1.9137577002053388,unspecified,computed,21,stated,,computed,stated,-0.2175906051042974,2026-08-14,-0.24302856684267324,-0.24302856684267324,-0.24302856684267324,0.02626382054369278,0.9685552677325437,1.0,-0.16499254774624356,equity@ASX,53,0.03398470556015602,0.0564665035490343,0.07412945664323708,0.0664665035490343,0.065,0.16063426404688036,deteriorating,0.01,0.004283577662187709,0.006633969900678771,0.6457035118216958,0.005,0.05575008121122201,True,,,71.78331080013082,57.272880050212564,,95.0,0.5125000000000001,,,,,ok,https://www.asx.com.au/content/dam/asx/issuers/asx-investment-products-reports/2026/excel/asx-investment-products-july-2026-abs.xlsx,"5y return is the publisher's stated figure, not recomputed here (the ASX archive is shallower than its performance table)"
ASX:MOT,ASX,MOT,Metrics Income Opportunities Trust,debt,Units,AUD,LIT,534220000.0,live,0.034654,,0.08139267202622125,1.9137577002053388,unspecified,computed,22,stated,,computed,stated,-0.24503681388369292,2026-08-14,-0.09575785661821624,-0.09575785661821624,-0.09575785661821624,0.08335338719837816,-1.790916509609837,0.4457593688362919,-0.046705666620175675,debt@ASX,12,0.09800000301484149,0.03553803945732081,0.05334946881048849,0.050538039457320806,0.05,0.16063426404688036,deteriorating,0.015,0.024989730383958575,0.024989730383958575,1.0,0.005,0.055527769841279384,True,,,74.16552875132757,86.1439842209073,,55.0,0.5125000000000001,,,,,ok,https://www.asx.com.au/content/dam/asx/issuers/asx-investment-products-reports/2026/excel/asx-investment-products-july-2026-abs.xlsx,"5y return is the publisher's stated figure, not recomputed here (the ASX archive is shallower than its performance table)"
ASX:CD1,ASX,CD1,Cd Private Equity Fund I,private_equity,Units,AUD,LIC,12430000.0,live,-0.02584327,,-0.1001968785608307,1.9137577002053388,unspecified,computed,22,stated,,computed,stated,-0.5573770315920721,2026-08-14,-0.38959735424254127,-0.38959735424254127,-0.38959735424254127,0.04895726439982218,-3.4270639792966087,1.0,-0.4355394183300741,private_equity@global,4,0.6666666791329979,0.0342668923097735,-0.09019687856083071,0.0442668923097735,0.07,0.16063426404688036,improving,0.01,0.02612510241315169,0.02612510241315169,1.0,0.005,0.05539199472292519,True,,,52.87924703249202,73.42877642779953,,20.0,0.5125000000000001,,,,,ok,https://www.asx.com.au/content/dam/asx/issuers/asx-investment-products-reports/2026/excel/asx-investment-products-july-2026-abs.xlsx,"5y return is the publisher's stated figure, not recomputed here (the ASX archive is shallower than its performance table)"
ASX:CD2,ASX,CD2,Cd Private Equity Fund II,private_equity,Units,AUD,LIC,18890000.0,live,0.056566359999999996,,-0.09348891838094298,1.9137577002053388,unspecified,computed,22,stated,,computed,stated,-0.5483870948514631,2026-08-14,-0.38070021372197416,-0.38070021372197416,-0.38070021372197416,0.050766923510493195,-3.3030735276844014,1.0,-0.43109084806979053,private_equity@global,4,1.8076923739980688,0.03534442055652554,-0.08348891838094298,0.045344420556525544,0.07,0.16063426404688036,improving,0.01,0.024719996797718302,0.024719996797718302,1.0,0.005,0.05506441735424385,True,,,43.884318512240164,58.81201758239027,,20.0,0.5125000000000001,,,,,ok,https://www.asx.com.au/content/dam/asx/issuers/asx-investment-products-reports/2026/excel/asx-investment-products-july-2026-abs.xlsx,"5y return is the publisher's stated figure, not recomputed here (the ASX archive is shallower than its performance table)"
ASX:AUI,ASX,AUI,Australian United Investment Company Limited,equity,Shares,AUD,LIC,2479310000.0,live,0.08025308,,0.10253536607932512,1.9137577002053388,unspecified,computed,22,stated,,computed,stated,-0.14399996670809656,2026-08-14,-0.14854558352261307,-0.14854558352261307,-0.14854558352261307,0.031032255428443564,0.14648038796271598,0.9329388560157791,-0.11775105608621346,equity@ASX,53,0.030833333333333334,0.058881886730501966,0.08916599443173005,0.06888188673050197,0.065,0.16063426404688036,deteriorating,0.01,0.00029763117639164806,0.0030478262025159797,0.09765359197514399,0.005,0.05417951790689362,True,,,57.864687515179824,34.655117212167205,,95.0,0.5125000000000001,,,,,ok,https://www.asx.com.au/content/dam/asx/issuers/asx-investment-products-reports/2026/excel/asx-investment-products-july-2026-abs.xlsx,"5y return is the publisher's stated figure, not recomputed here (the ASX archive is shallower than its performance table)"
ASX:ARG,ASX,ARG,Argo Investments Limited,equity,Shares,AUD,LIC,6809610000.0,live,0.04715539,,0.07874581593229713,1.9137577002053388,unspecified,computed,22,stated,,computed,stated,-0.15405903355221906,2026-08-14,-0.1308296535265666,-0.1308296535265666,-0.1308296535265666,0.02266841608535791,-1.0247464991899844,0.9447731755424064,-0.10889309108819023,equity@ASX,53,0.04069767425449333,0.05416334613367122,0.05979156037291884,0.06416334613367122,0.065,0.16063426404688036,deteriorating,0.01,0.0036091709442806954,0.005283020162255125,0.6831643327933229,0.005,0.05277251707795192,True,,,57.558799567282186,34.15804929683355,,95.0,0.5125000000000001,,,,,ok,https://www.asx.com.au/content/dam/asx/issuers/asx-investment-products-reports/2026/excel/asx-investment-products-july-2026-abs.xlsx,"5y return is the publisher's stated figure, not recomputed here (the ASX archive is shallower than its performance table)"
ASX:FPC,ASX,FPC,Fat Prophets Global Contrarian Fund Ltd,equity,Shares,AUD,LIC,40430000.0,live,0.03999265,,0.19800442645873306,1.9137577002053388,unspecified,computed,22,stated,,computed,stated,-0.18280334267091347,2026-08-14,-0.24524214752215862,-0.24524214752215862,-0.24524214752215862,0.09470189757812371,0.6593194692824044,0.960552268244576,-0.16609933808598623,equity@ASX,53,0.014442909090909091,0.05613580490586276,0.10319736058349323,0.07113580490586276,0.065,0.16063426404688036,deteriorating,0.015,0.0008948091700065336,0.002035756287419588,0.4395463128549362,0.005,0.05203061407586929,True,,,56.06772375954712,31.735051109264084,,95.0,0.5125000000000001,,,,,ok,https://www.asx.com.au/content/dam/asx/issuers/asx-investment-products-reports/2026/excel/asx-investment-products-july-2026-abs.xlsx,"5y return is the publisher's stated figure, not recomputed here (the ASX archive is shallower than its performance table)"
ASX:BKI,ASX,BKI,BKI Investment Company Limited,equity,Shares,AUD,LIC,1533560000.0,live,0.0978749,,0.08811886917183509,1.9137577002053388,unspecified,computed,22,stated,,computed,stated,-0.08695652864981385,2026-08-14,-0.10493477397261429,-0.10493477397261429,-0.10493477397261429,0.02311137102786305,0.7778960971690465,0.5463510848126233,-0.09908624433095015,equity@ASX,53,0.04228723414980917,0.05918382838464412,0.09104567842028456,0.06918382838464412,0.065,0.16063426404688036,improving,0.01,-0.002671218102524908,-0.002671218102524908,1.0,0.005,0.05151261028211922,True,,,53.968108997117284,28.323177120315584,,95.0,0.5125000000000001,,,,,ok,https://www.asx.com.au/content/dam/asx/issuers/asx-investment-products-reports/2026/excel/asx-investment-products-july-2026-abs.xlsx,"5y return is the publisher's stated figure, not recomputed here (the ASX archive is shallower than its performance table)"
ASX:PIA,ASX,PIA,Pengana International Equities Limited,equity,Shares,AUD,LIC,297960000.0,live,0.04941008,,0.059119252642178655,1.9137577002053388,unspecified,computed,22,stated,,computed,stated,-0.1689650305367152,2026-08-14,-0.1180923281742893,-0.1180923281742893,-0.1180923281742893,0.040639298119017106,-1.251810555719713,0.757396449704142,-0.10252442841205157,equity@ASX,53,0.1671296229884951,0.048119574995002454,0.05329374905687147,0.06311957499500245,0.065,0.16063426404688036,deteriorating,0.015,0.006567889342479455,0.007870067853881446,0.8345403704798087,0.005,0.04968746433748191,True,,,70.03859594155388,54.43771840502506,,95.0,0.5125000000000001,,,,,ok,https://www.asx.com.au/content/dam/asx/issuers/asx-investment-products-reports/2026/excel/asx-investment-products-july-2026-abs.xlsx,"5y return is the publisher's stated figure, not recomputed here (the ASX archive is shallower than its performance table)"
ASX:BTI,ASX,BTI,Bailador Technology Investments Limited,equity,Shares,AUD,LIC,157240000.0,live,0.03880088,,0.039819045169597,1.9137577002053388,unspecified,computed,22,stated,,computed,stated,-0.38920451836152514,2026-08-14,-0.36732203905715877,-0.36732203905715877,-0.36732203905715877,0.045061173997017895,-0.48561715914934966,1.0,-0.2271392838534863,equity@ASX,53,0.07708333505628015,0.045856944525202656,0.0392081460678388,0.060856944525202655,0.065,0.16063426404688036,deteriorating,0.015,0.008167446569142842,0.025228041519732347,0.3237447727662331,0.005,0.0490243910943455,True,,0.2165510185682134,88.52296820512821,84.47482333333333,,95.0,0.5125000000000001,,,,,ok,https://www.asx.com.au/content/dam/asx/issuers/asx-investment-products-reports/2026/excel/asx-investment-products-july-2026-abs.xlsx,"5y return is the publisher's stated figure, not recomputed here (the ASX archive is shallower than its performance table)"
ASX:WHF,ASX,WHF,Whitefield Industrials Limited,equity,Shares,AUD,LIC,589510000.0,live,0.02888929,,0.03457042747556316,1.9137577002053388,unspecified,computed,22,stated,,computed,stated,-0.18657941240725862,2026-08-14,-0.15441987473272306,-0.15441987473272306,-0.15441987473272306,0.040028689095446705,-0.8034122126221147,0.883629191321499,-0.12068820169126845,equity@ASX,53,0.054123712404461746,0.049564416809874175,0.031161744990225265,0.05956441680987418,0.065,0.16063426404688036,deteriorating,0.01,0.0042700686189283835,0.007972374364945356,0.5356081417480765,0.005,0.04883448542880256,True,,,78.7217819180114,68.54789561676851,,95.0,0.5125000000000001,,,,,ok,https://www.asx.com.au/content/dam/asx/issuers/asx-investment-products-reports/2026/excel/asx-investment-products-july-2026-abs.xlsx,"5y return is the publisher's stated figure, not recomputed here (the ASX archive is shallower than its performance table)"
ASX:ACQ,ASX,ACQ,Acorn Capital Investment Fund Limited,equity,Shares,AUD,LIC,77530000.0,live,-0.006457020999999999,,0.1106045171308383,1.9137577002053388,unspecified,computed,22,stated,,computed,stated,-0.22453604104305547,2026-08-14,-0.24749952006938977,-0.24749952006938977,-0.24749952006938977,0.048491240352527824,0.47355932451699456,0.9723865877712031,-0.16722802435960182,equity@ASX,53,0.06983240372284626,0.051043191631019745,0.040367594252335326,0.06104319163101975,0.065,0.16063426404688036,deteriorating,0.01,0.002299380076234901,0.007283290468137693,0.31570621634466306,0.005,0.04834257170725465,True,,,79.73325246384775,70.19153525375259,,95.0,0.5125000000000001,,,,,ok,https://www.asx.com.au/content/dam/asx/issuers/asx-investment-products-reports/2026/excel/asx-investment-products-july-2026-abs.xlsx,"5y return is the publisher's stated figure, not recomputed here (the ASX archive is shallower than its performance table)"
ASX:HM1,ASX,HM1,Hearts and Minds Investments Limited,equity,Shares,AUD,LIC,659470000.0,live,-0.01767187,,0.12369241143798448,1.9137577002053388,unspecified,computed,22,stated,,computed,stated,-0.16621254965135124,2026-08-14,-0.14943898381852808,-0.14943898381852808,-0.14943898381852808,0.036627130064991624,-0.4579546855857924,0.8954635108481263,-0.11819775623417096,equity@ASX,53,0.05987055182483193,0.05080324392969332,0.038873842575193794,0.06080324392969332,0.065,0.16063426404688036,deteriorating,0.01,0.0017382239474772652,0.005693436497719695,0.3053031237238616,0.005,0.04754146787717059,True,,,81.82463973448937,73.59003956854522,,95.0,0.5125000000000001,,,,,ok,https://www.asx.com.au/content/dam/asx/issuers/asx-investment-products-reports/2026/excel/asx-investment-products-july-2026-abs.xlsx,"5y return is the publisher's stated figure, not recomputed here (the ASX archive is shallower than its performance table)"
ASX:KAT,ASX,KAT,Katana Capital Limited,equity,Shares,AUD,LIC,43580000.0,live,0.07814615,,0.0905653494124723,1.9137577002053388,unspecified,computed,22,stated,,computed,stated,-0.0944123528443166,2026-08-14,-0.12099318170010721,-0.12099318170010721,-0.12099318170010721,0.04546592619891777,0.5846318568216768,0.7199211045364892,-0.10397485517496052,equity@ASX,53,0.014440433312429389,0.05290970171336948,0.0831138297649889,0.06790970171336948,0.065,0.16063426404688036,deteriorating,0.015,-0.002120865947937034,-0.002120865947937034,1.0,0.005,0.04578883576543245,True,,,48.34852981338188,19.19136094674556,,95.0,0.5125000000000001,,,,,ok,https://www.asx.com.au/content/dam/asx/issuers/asx-investment-products-reports/2026/excel/asx-investment-products-july-2026-abs.xlsx,"5y return is the publisher's stated figure, not recomputed here (the ASX archive is shallower than its performance table)"
ASX:IBC,ASX,IBC,Ironbark Capital Limited,equity,Shares,AUD,LIC,43720000.0,live,0.043870839999999994,,0.061706279531141606,1.9137577002053388,unspecified,computed,22,stated,,computed,stated,-0.2465753465482633,2026-08-14,-0.236266936377008,-0.236266936377008,-0.236266936377008,0.026399166325168984,-0.39048241312935933,0.9980276134122288,-0.16161173251341093,equity@ASX,53,0.0574712640528226,0.04775192601468625,0.051005015812456644,0.06275192601468625,0.065,0.16063426404688036,deteriorating,0.015,0.00287158860707665,0.011030926786421036,0.2603216087529062,0.005,0.0456235146217629,True,,,65.52946683698745,47.110383610104606,,95.0,0.5125000000000001,,,,,ok,https://www.asx.com.au/content/dam/asx/issuers/asx-investment-products-reports/2026/excel/asx-investment-products-july-2026-abs.xlsx,"5y return is the publisher's stated figure, not recomputed here (the ASX archive is shallower than its performance table)"
ASX:SB2,ASX,SB2,Salter Brothers Emerging Companies Limited,small_cap_equity,Shares,AUD,LIC,50870000.0,live,-0.05790053999999999,,-0.07569780813594984,1.9137577002053388,unspecified,computed,22,stated,,computed,stated,-0.27607365181109655,2026-08-14,-0.3761122556764615,-0.3761122556764615,-0.3761122556764615,0.08434616377964838,1.1860480593606197,1.0,-0.15144342869797386,small_cap_equity@global,4,0.06837607088408772,0.03745359513755712,-0.07035862769516488,0.04745359513755712,0.07,0.16063426404688036,improving,0.01,0.013166700333421748,0.01665198163283499,0.7906987062404132,0.005,0.045620295470978865,True,,,64.35613460085864,57.703718726395294,,75.0,0.5125000000000001,,,,,ok,https://www.asx.com.au/content/dam/asx/issuers/asx-investment-products-reports/2026/excel/asx-investment-products-july-2026-abs.xlsx,"5y return is the publisher's stated figure, not recomputed here (the ASX archive is shallower than its performance table)"
ASX:AFI,ASX,AFI,Australian Foundation Investment Company Limited,equity,Shares,AUD,LIC,8421430000.0,live,0.009144449,,0.01580403768840144,1.9137577002053388,unspecified,computed,22,stated,,computed,stated,-0.14375788627326258,2026-08-14,-0.11810432772134513,-0.11810432772134513,-0.11810432772134513,0.025621321848749355,-1.0012581982833828,0.7416173570019724,-0.10253042818557949,equity@ASX,53,0.046052630551597404,0.04645558792330853,0.011808284475360576,0.056455587923308535,0.065,0.16063426404688036,deteriorating,0.01,0.0031834814444425845,0.004769221540308788,0.6675054655222552,0.005,0.04463906936775112,True,,,66.1754917818515,48.1601741455087,,95.0,0.5125000000000001,,,,,ok,https://www.asx.com.au/content/dam/asx/issuers/asx-investment-products-reports/2026/excel/asx-investment-products-july-2026-abs.xlsx,"5y return is the publisher's stated figure, not recomputed here (the ASX archive is shallower than its performance table)"
ASX:OPH,ASX,OPH,Ophir High Conviction Fund,unknown,Units,AUD,LIC,565300000.0,live,-0.008186595,,0.13074297217542896,1.9137577002053388,unspecified,computed,22,stated,,computed,stated,-0.22044035647075344,2026-08-14,-0.11168387423776767,-0.11168387423776767,-0.11168387423776767,0.04138015333284549,-2.6282281111476773,0.611439842209073,-0.10032828760051121,unknown@global,4,0.14767235543363685,0.03457997864581178,0.04738523187017159,0.04957997864581178,0.05,0.16063426404688036,deteriorating,0.015,0.014953716599882538,0.014953716599882538,1.0,0.005,0.044533695245694324,True,,,69.51032848714873,81.70428379161667,,50.0,0.5125000000000001,,,,,ok,https://www.asx.com.au/content/dam/asx/issuers/asx-investment-products-reports/2026/excel/asx-investment-products-july-2026-abs.xlsx,"5y return is the publisher's stated figure, not recomputed here (the ASX archive is shallower than its performance table)"
ASX:UWC,ASX,UWC,Underwood Capital Limited,equity,Shares,AUD,LIC,10990000.0,live,-0.07319256,,0.006781462224620283,1.5824777549623545,unspecified,computed,16,stated,,computed,stated,-0.46808510926521496,2026-08-14,-0.4931543456883497,-0.4931543456883497,-0.4931543456883497,0.060194401487180804,0.4164712299444255,1.0,-0.2900554371690818,equity@ASX,53,,0.04048982254067656,-0.04120295111015188,0.05048982254067656,0.065,0.13662687625576173,deteriorating,0.01,0.00872665941893488,0.03143071642703643,0.27764748662961697,0.005,0.04421648195961144,True,,0.2664075044721942,85.76923076923076,80.0,,95.0,0.5125000000000001,,,,,ok,https://www.asx.com.au/content/dam/asx/issuers/asx-investment-products-reports/2026/excel/asx-investment-products-july-2026-abs.xlsx,"no distributions found: the 'total return' equals NAV price growth for this fund and understates it if it in fact pays distributions | 5y return is the publisher's stated figure, not recomputed here (the ASX archive is shallower than its performance table)"
ASX:WQG,ASX,WQG,WCM Global Growth Limited,equity,Shares,AUD,LIC,558750000.0,live,0.12164009999999999,,0.16195781263398312,1.9137577002053388,unspecified,computed,22,stated,,computed,stated,-0.03581271596300806,2026-08-14,-0.09627367096253654,-0.09627367096253654,-0.09627367096253654,0.03981329990103403,1.518612000256683,0.46942800788954636,-0.09475569282591126,equity@ASX,53,0.0406818198525113,0.061688903217847105,0.13776718505359326,0.0766889032178471,0.065,0.16063426404688036,deteriorating,0.015,-0.012536888915074762,-0.012536888915074762,1.0,0.005,0.044152014302772345,True,,,56.068123198300704,31.735700197238657,,95.0,0.5125000000000001,,,,,ok,https://www.asx.com.au/content/dam/asx/issuers/asx-investment-products-reports/2026/excel/asx-investment-products-july-2026-abs.xlsx,"5y return is the publisher's stated figure, not recomputed here (the ASX archive is shallower than its performance table)"
ASX:PCX,ASX,PCX,Pengana Global Private Credit Trust,debt,Units,AUD,LIT,226660000.0,live,,,0.09925233253692678,1.9137577002053388,unspecified,computed,21,,,computed,computed,0.003783106954221127,2026-08-14,0.0012376398733366272,0.0012376398733366272,0.0012376398733366272,0.022284351076178124,0.11422666391239873,0.0,4.6865090949222104e-05,debt@ASX,12,0.13165829082633604,0.04791161218966146,0.09925233253692678,0.05791161218966146,0.05,0.16063426404688036,single_window,0.01,-0.000745542946458011,-0.000745542946458011,1.0,0.005,0.04216606924320345,False,only 1.9y of NTA history and no stated 5y return (need 5y),,36.53846153846154,25.0,,55.0,0.43250000000000005,,,,,ok,https://www.asx.com.au/content/dam/asx/issuers/asx-investment-products-reports/2026/excel/asx-investment-products-july-2026-abs.xlsx,
ASX:MXT,ASX,MXT,Metrics Master Income Trust,debt,Units,AUD,LIT,2365920000.0,live,0.06403053,,0.08183843204707686,1.9137577002053388,unspecified,computed,22,stated,,computed,stated,-0.038269408315205644,2026-08-14,-0.0023119508414121363,-0.0023119508414121363,-0.0023119508414121363,0.03256438586072271,-1.1041957808626548,0.0,1.7286268226379513e-05,debt@ASX,12,0.09329445882563352,0.043398007556558135,0.07115369081883074,0.05339800755655814,0.05,0.16063426404688036,deteriorating,0.01,0.002907492566609069,0.003949697078634351,0.7361305205751032,0.005,0.04130550012316721,True,,,34.42180435044151,21.560432069467467,,55.0,0.5125000000000001,,,,,ok,https://www.asx.com.au/content/dam/asx/issuers/asx-investment-products-reports/2026/excel/asx-investment-products-july-2026-abs.xlsx,"5y return is the publisher's stated figure, not recomputed here (the ASX archive is shallower than its performance table)"
ASX:AMH,ASX,AMH,AMCIL Limited,equity,Shares,AUD,LIC,286220000.0,live,-0.0032929760000000004,,-0.059591407582779365,1.9137577002053388,unspecified,computed,22,stated,,computed,stated,-0.18518518960034414,2026-08-14,-0.1362126476193245,-0.1362126476193245,-0.1362126476193245,0.03579873622778402,-1.3679963915321458,0.893491124260355,-0.11158458813456917,equity@ASX,53,0.042780748554013634,0.03659269357684414,-0.049591407582779364,0.04659269357684414,0.065,0.16063426404688036,improving,0.01,0.008092979989330154,0.008873904974558533,0.9119975943547639,0.005,0.03968567356617429,True,,0.10005569993766583,85.46815494268084,79.51075178185637,,95.0,0.5125000000000001,,,,,ok,https://www.asx.com.au/content/dam/asx/issuers/asx-investment-products-reports/2026/excel/asx-investment-products-july-2026-abs.xlsx,"5y return is the publisher's stated figure, not recomputed here (the ASX archive is shallower than its performance table)"
ASX:DJW,ASX,DJW,Djerriwarrh Investments Limited,equity,Shares,AUD,LIC,771570000.0,live,0.06083366,,0.009116020558736615,1.9137577002053388,unspecified,computed,22,stated,,computed,stated,-0.0745341555672403,2026-08-14,-0.09070853287802887,-0.09070853287802887,-0.09070853287802887,0.022473018285995527,0.7197242980426855,0.30177514792899407,-0.09197312378365743,equity@ASX,53,0.051980198510615645,0.04762946073091047,0.019116020558736617,0.05762946073091047,0.065,0.16063426404688036,improving,0.01,-0.0037974212549429787,-0.0037974212549429787,1.0,0.005,0.03883203947596749,True,,,53.48884842967683,27.544378698224854,,95.0,0.5125000000000001,,,,,ok,https://www.asx.com.au/content/dam/asx/issuers/asx-investment-products-reports/2026/excel/asx-investment-products-july-2026-abs.xlsx,"5y return is the publisher's stated figure, not recomputed here (the ASX archive is shallower than its performance table)"
ASX:DN1,ASX,DN1,Dominion Income Trust 1,debt,Units,AUD,LIT,344280000.0,live,,,0.07454593507924234,1.3333333333333333,unspecified,computed,17,,,computed,computed,-0.005196332049986818,2026-08-14,0.005743543173917374,0.005743543173917374,0.005743543173917374,0.015665511442663007,-0.6983414019992253,0.0,0.0040450332758911346,debt@ASX,12,0.07423407941696987,0.04288775706814616,0.07454593507924234,0.05288775706814616,0.05,0.1176470588235294,single_window,0.01,0.00043168792398582534,0.0009272425838207088,0.46556093466615023,0.005,0.03831944499213199,False,only 1.3y of NTA history and no stated 5y return (need 5y),,38.19716813541399,27.695398220047736,,55.0,0.43250000000000005,,,,,ok,https://www.asx.com.au/content/dam/asx/issuers/asx-investment-products-reports/2026/excel/asx-investment-products-july-2026-abs.xlsx,
ASX:ALI,ASX,ALI,Argo Global Listed Infrastructure Limited,infrastructure,Shares,AUD,LIC,489820000.0,live,0.08795301999999999,,0.07725599729752819,1.9137577002053388,unspecified,computed,22,stated,,computed,stated,-0.05454548922452063,2026-08-14,-0.10104370292199981,-0.10104370292199981,-0.10104370292199981,0.03553412810755598,1.3085508544556577,0.5700197238658777,-0.10104370292199981,infrastructure@none,0,0.039062500873114935,0.05328739693707469,0.08046510410826972,0.06328739693707469,0.06,0.16063426404688036,improving,0.01,-0.010035575191032597,-0.010035575191032597,1.0,0.005,0.038251821746042095,True,,,34.53876498255197,34.25049309664694,,35.0,0.5125000000000001,,,,,ok,https://www.asx.com.au/content/dam/asx/issuers/asx-investment-products-reports/2026/excel/asx-investment-products-july-2026-abs.xlsx,"5y return is the publisher's stated figure, not recomputed here (the ASX archive is shallower than its performance table)"
ASX:PGF,ASX,PGF,PM Capital Global Opportunities Fund Limited,equity,Shares,AUD,LIC,1619180000.0,live,0.2653799,,0.21078433461537927,1.9137577002053388,unspecified,computed,22,stated,,computed,stated,0.16686921170197078,2026-08-14,0.06848054101326409,0.06848054101326409,0.06848054101326409,0.06822172796334776,1.4421896604783475,0.0019723865877712033,-0.01237858683801095,equity@ASX,53,0.03951367826970432,0.07502430194097441,0.22078433461537927,0.09002430194097441,0.065,0.16063426404688036,improving,0.015,-0.03280584498634953,-0.03280584498634953,1.0,0.005,0.03721845695462488,True,,,45.06615979365802,13.857509664694279,,95.0,0.5125000000000001,,,,,ok,https://www.asx.com.au/content/dam/asx/issuers/asx-investment-products-reports/2026/excel/asx-investment-products-july-2026-abs.xlsx,"5y return is the publisher's stated figure, not recomputed here (the ASX archive is shallower than its performance table)"
ASX:GC1,ASX,GC1,Glennon Small Companies Limited,small_cap_equity,Shares,AUD,LIC,19970000.0,live,-0.06965847,,0.04951772231864737,1.9137577002053388,unspecified,computed,21,stated,,computed,stated,-0.3802816934988532,2026-08-14,-0.3896075150747631,-0.3896075150747631,-0.3896075150747631,0.10655991921844059,0.0875171607139884,0.9979716024340771,-0.15819105839712466,small_cap_equity@global,4,0.07228915808006685,0.04022357643164284,-0.021987993072541047,0.05522357643164284,0.07,0.16063426404688036,deteriorating,0.015,0.0019553882893410895,0.033514369182943815,0.0583447738093256,0.005,0.037178964720983934,True,,,70.5617908066781,67.78791006085193,,75.0,0.5125000000000001,,,,,ok,https://www.asx.com.au/content/dam/asx/issuers/asx-investment-products-reports/2026/excel/asx-investment-products-july-2026-abs.xlsx,"5y return is the publisher's stated figure, not recomputed here (the ASX archive is shallower than its performance table)"
ASX:REV,ASX,REV,Revolution Private Credit Income Trust,debt,Units,AUD,LIT,435090000.0,live,,,0.06936359305973183,0.7474332648870636,unspecified,computed,10,,,computed,computed,-0.0031977591843850295,2026-08-14,-0.005595662430235931,-0.005595662430235931,-0.005595662430235931,0.009462041978424653,0.2534234419291945,0.0,-0.0016245695261855177,debt@ASX,12,0.07350737788622216,0.04134664651771922,0.06936359305973183,0.051346646517719224,0.05,0.06954528085594192,single_window,0.01,2.6655728887465732e-05,0.0001577738548053098,0.16894896128612968,0.005,0.03637330224660669,False,only 0.7y of NTA history and no stated 5y return (need 5y),,36.82082891301017,25.45884698364152,,55.0,0.43250000000000005,,,,,ok,https://www.asx.com.au/content/dam/asx/issuers/asx-investment-products-reports/2026/excel/asx-investment-products-july-2026-abs.xlsx,
ASX:WMX,ASX,WMX,WAM Income Maximiser Limited,debt,Shares,AUD,LIC,329790000.0,live,,,0.11809963653861777,1.1663244353182751,unspecified,computed,15,,,computed,computed,0.008921587198096548,2026-08-14,0.009877365969846104,0.009877365969846104,0.009877365969846104,0.05543024630314416,-0.017242910423353852,0.017595307917888565,0.00436672813920396,debt@ASX,12,0.036307692307692305,0.042113018307086234,0.11809963653861777,0.05711301830708623,0.05,0.1044501655020228,single_window,0.015,-0.0009045513112857506,-0.0009045513112857506,1.0,0.005,0.036208466995800485,False,only 1.2y of NTA history and no stated 5y return (need 5y),,36.87683284457478,25.54985337243402,,55.0,0.43250000000000005,,,,,ok,https://www.asx.com.au/content/dam/asx/issuers/asx-investment-products-reports/2026/excel/asx-investment-products-july-2026-abs.xlsx,
ASX:WMA,ASX,WMA,WAM Alternative Assets Limited,hedge_multi_asset,Shares,AUD,LIC,197450000.0,live,0.05477854,,0.05340320812726107,1.9137577002053388,unspecified,computed,22,stated,,computed,stated,-0.17653977054576386,2026-08-14,-0.15617023540250874,-0.15617023540250874,-0.15617023540250874,0.024557016420574916,-0.829479232916449,0.9901380670611439,-0.039516656342969525,hedge_multi_asset@global,3,0.06122448860432199,0.03141612078011464,0.05381580768908274,0.04641612078011464,0.045,0.16063426404688036,improving,0.015,0.008909864896429875,0.016112274803618876,0.5529861552776326,0.005,0.03532598567654451,True,,,80.67723794288038,96.72551165718062,,55.0,0.5125000000000001,,,,,ok,https://www.asx.com.au/content/dam/asx/issuers/asx-investment-products-reports/2026/excel/asx-investment-products-july-2026-abs.xlsx,"5y return is the publisher's stated figure, not recomputed here (the ASX archive is shallower than its performance table)"
ASX:GCI,ASX,GCI,Gryphon Capital Income Trust,debt,Units,AUD,LIT,1310060000.0,live,0.07860824,,0.08050251505078143,1.9137577002053388,unspecified,computed,22,stated,,computed,stated,0.0323674296757257,2026-08-14,0.017798982476987645,0.017798982476987645,0.017798982476987645,0.011275184401929898,1.292080615217652,0.0,0.008327536392774731,debt@ASX,12,0.07478048954429835,0.044717177769550386,0.07936595002031258,0.05471717776955039,0.05,0.16063426404688036,deteriorating,0.01,-0.004701231739539402,-0.004701231739539402,1.0,0.005,0.035015946030010986,True,,,31.55347692307692,16.8994,,55.0,0.5125000000000001,,,,,ok,https://www.asx.com.au/content/dam/asx/issuers/asx-investment-products-reports/2026/excel/asx-investment-products-july-2026-abs.xlsx,"5y return is the publisher's stated figure, not recomputed here (the ASX archive is shallower than its performance table)"
ASX:PCI,ASX,PCI,Perpetual Credit Income Trust,debt,Units,AUD,LIT,804570000.0,live,0.07410529,,0.07246800488425253,1.9137577002053388,unspecified,computed,22,stated,,computed,stated,0.0009099398015086635,2026-08-14,0.0380476057940016,0.0380476057940016,0.0380476057940016,0.03924919754000475,-0.9462019180045749,0.0,0.019170139839459824,debt@ASX,12,0.06591454402588619,0.03868803265606453,0.07295919041897678,0.05368803265606453,0.05,0.16063426404688036,improving,0.015,0.0011466324441619,0.0018177395686007625,0.6308012786697166,0.005,0.03483466510022644,True,,,36.083515902885296,24.260713342188602,,55.0,0.5125000000000001,,,,,ok,https://www.asx.com.au/content/dam/asx/issuers/asx-investment-products-reports/2026/excel/asx-investment-products-july-2026-abs.xlsx,"5y return is the publisher's stated figure, not recomputed here (the ASX archive is shallower than its performance table)"
ASX:TEK,ASX,TEK,Thorney Technologies Ltd,equity,Shares,AUD,LIC,34640000.0,live,-0.2551389,,-0.05288804550959647,1.9137577002053388,unspecified,computed,22,stated,,computed,stated,-0.547945207928958,2026-08-14,-0.5048724533297311,-0.5048724533297311,-0.5048724533297311,0.05138305640625963,-0.838267662761681,1.0,-0.29591449098977246,equity@ASX,53,,0.011570090271289645,-0.17423855820383857,0.026570090271289645,0.065,0.16063426404688036,deteriorating,0.015,0.028170092178446498,0.05040769213076857,0.5588451085077873,0.005,0.034740182449736146,True,,0.30580069710856295,85.76923076923076,80.0,,95.0,0.5125000000000001,,,,,ok,https://www.asx.com.au/content/dam/asx/issuers/asx-investment-products-reports/2026/excel/asx-investment-products-july-2026-abs.xlsx,"no distributions found: the 'total return' equals NAV price growth for this fund and understates it if it in fact pays distributions | 5y return is the publisher's stated figure, not recomputed here (the ASX archive is shallower than its performance table)"
ASX:MIR,ASX,MIR,Mirrabooka Investments Limited,equity,Shares,AUD,LIC,564120000.0,live,-0.02217902,,-0.047115978259057556,1.9137577002053388,unspecified,computed,22,stated,,computed,stated,-0.08510641003331387,2026-08-14,-0.03741176245832114,-0.03741176245832114,-0.03741176245832114,0.05087025765976625,-0.9375743267114384,0.14792899408284024,-0.06532473857380357,equity@ASX,53,0.05600000000000001,0.038192051325713704,-0.03963489078134029,0.048192051325713706,0.065,0.16063426404688036,improving,0.01,0.0013456647309388037,0.0021528928842240447,0.625049551140959,0.005,0.03453771605665251,True,,,66.27012196469134,48.313948192623414,,95.0,0.5125000000000001,,,,,ok,https://www.asx.com.au/content/dam/asx/issuers/asx-investment-products-reports/2026/excel/asx-investment-products-july-2026-abs.xlsx,"5y return is the publisher's stated figure, not recomputed here (the ASX archive is shallower than its performance table)"
ASX:WAR,ASX,WAR,WAM Strategic Value Limited,equity,Shares,AUD,LIC,198140000.0,live,0.02386011,,0.04483471596588884,1.9137577002053388,unspecified,computed,22,stated,,computed,stated,-0.08066194247490432,2026-08-14,-0.12125740511184448,-0.12125740511184448,-0.12125740511184448,0.02381177257565085,1.7048484109264408,0.8362919132149902,-0.10724755990056523,equity@ASX,53,0.054347827213698414,0.04473922020408194,0.032249952386355536,0.05973922020408194,0.065,0.16063426404688036,deteriorating,0.015,-0.0058517292799258325,-0.0058517292799258325,1.0,0.005,0.03388749092415611,True,,,70.59546738279471,55.342634497041416,,95.0,0.5125000000000001,,,,,ok,https://www.asx.com.au/content/dam/asx/issuers/asx-investment-products-reports/2026/excel/asx-investment-products-july-2026-abs.xlsx,"5y return is the publisher's stated figure, not recomputed here (the ASX archive is shallower than its performance table)"
ASX:KKC,ASX,KKC,KKR Credit Income Fund,debt,Units,AUD,LIC,680550000.0,live,0.07281398,,0.04353462860682833,1.9137577002053388,unspecified,computed,22,stated,,computed,stated,-0.09469563310059581,2026-08-14,-0.06979630150794519,-0.06979630150794519,-0.06979630150794519,0.03180238042583159,-0.7829392410017854,0.21104536489151873,-0.03372488906504015,debt@ASX,12,0.09364485522255314,0.035372419943311764,0.05231843402477983,0.050372419943311764,0.05,0.16063426404688036,improving,0.015,0.0034688950490086704,0.006645908521401012,0.5219594940011902,0.005,0.03384131499232044,True,,,45.72804783420572,39.93307773058429,,55.0,0.5125000000000001,,,,,ok,https://www.asx.com.au/content/dam/asx/issuers/asx-investment-products-reports/2026/excel/asx-investment-products-july-2026-abs.xlsx,"5y return is the publisher's stated figure, not recomputed here (the ASX archive is shallower than its performance table)"
ASX:CDM,ASX,CDM,Cadence Capital Limited,equity,Shares,AUD,LIC,237650000.0,live,0.04262,,0.07606537887033737,1.9137577002053388,unspecified,computed,22,stated,,computed,stated,-0.07957247487156516,2026-08-14,-0.1553230420838967,-0.1553230420838967,-0.1553230420838967,0.05294975352246884,1.430612272447828,0.8698224852071006,-0.12428037838659134,equity@ASX,53,0.07499999888241292,0.048553994698873115,0.05599815154813495,0.06355399469887311,0.065,0.16063426404688036,deteriorating,0.015,-0.009909036801135085,-0.009909036801135085,1.0,0.005,0.03364495789773803,True,,,63.41495720831436,43.67430546351085,,95.0,0.5125000000000001,,,,,ok,https://www.asx.com.au/content/dam/asx/issuers/asx-investment-products-reports/2026/excel/asx-investment-products-july-2026-abs.xlsx,"5y return is the publisher's stated figure, not recomputed here (the ASX archive is shallower than its performance table)"
ASX:FGG,ASX,FGG,Future Generation Global Limited,equity,Shares,AUD,LIC,677560000.0,live,0.09731156,,0.0883590340067375,1.9137577002053388,unspecified,computed,22,stated,,computed,stated,0.004234704550150514,2026-08-14,-0.10194123613221578,-0.10194123613221578,-0.10194123613221578,0.060431981611383065,1.756949513341241,0.6291913214990138,-0.09758947541075089,equity@ASX,53,0.06707317131676184,0.05918368596380482,0.09104479180471625,0.06918368596380482,0.065,0.16063426404688036,improving,0.01,-0.02115531906494006,-0.02115531906494006,1.0,0.005,0.033028366898864764,True,,,58.52602033075406,35.72978303747534,,95.0,0.5125000000000001,,,,,ok,https://www.asx.com.au/content/dam/asx/issuers/asx-investment-products-reports/2026/excel/asx-investment-products-july-2026-abs.xlsx,"5y return is the publisher's stated figure, not recomputed here (the ASX archive is shallower than its performance table)"
ASX:WLE,ASX,WLE,WAM Leaders Limited,equity,Shares,AUD,LIC,1925290000.0,live,0.07805782,,0.057838759178445054,1.9137577002053388,unspecified,computed,22,stated,,computed,stated,0.0017258483882138798,2026-08-14,-0.02096097764177831,-0.02096097764177831,-0.02096097764177831,0.04179325218372813,0.5428346645592018,0.05128205128205128,-0.05709934616553215,equity@ASX,53,0.07196969410987827,0.04982402153740392,0.06390447742491154,0.06482402153740392,0.065,0.16063426404688036,improving,0.015,-0.012030787128410214,-0.012030787128410214,1.0,0.005,0.03279323440899371,True,,,43.94101617357002,12.029151282051284,,95.0,0.5125000000000001,,,,,ok,https://www.asx.com.au/content/dam/asx/issuers/asx-investment-products-reports/2026/excel/asx-investment-products-july-2026-abs.xlsx,"5y return is the publisher's stated figure, not recomputed here (the ASX archive is shallower than its performance table)"
ASX:KIT,ASX,KIT,Kapstream Investment Trust,unknown,Units,AUD,LIT,185010000.0,live,,,0.04558239531710795,0.24914442162902123,unspecified,computed,4,,,computed,computed,-0.0843493240215969,2026-08-14,-0.04695809954347771,-0.04695809954347771,-0.04695809954347771,0.018398614544587362,-2.0322847890260958,0.010752688172043012,-0.10198815836565538,unknown@global,4,0.024682898209573242,0.03989261332278799,0.04558239531710795,0.04989261332278799,0.05,0.02430880192333378,single_window,0.01,-0.00388277823656924,-0.00388277823656924,1.0,0.005,0.03100983508621875,False,only 0.2y of NTA history and no stated 5y return (need 5y),,34.822167080231594,25.336021505376344,,50.0,0.43250000000000005,,,,,ok,https://www.asx.com.au/content/dam/asx/issuers/asx-investment-products-reports/2026/excel/asx-investment-products-july-2026-abs.xlsx,
ASX:PE1,ASX,PE1,Pengana Private Equity Trust,private_equity,Units,AUD,LIT,381100000.0,live,0.07589504,,0.14733953328708815,1.9137577002053388,unspecified,computed,22,stated,,computed,stated,-0.2678681407188651,2026-08-14,-0.18307343398940995,-0.18307343398940995,-0.18307343398940995,0.11552665420926139,-0.733983921804406,0.7948717948717948,-0.35363348731236943,private_equity@global,4,0.04346405310033761,0.060537518851676395,0.10447283731483525,0.0755375188516764,0.07,0.16063426404688036,deteriorating,0.015,-0.024610876593519793,-0.024610876593519793,1.0,0.005,0.0309266422581566,True,,,32.22879684418146,39.871794871794876,,20.0,0.5125000000000001,,,,,ok,https://www.asx.com.au/content/dam/asx/issuers/asx-investment-products-reports/2026/excel/asx-investment-products-july-2026-abs.xlsx,"5y return is the publisher's stated figure, not recomputed here (the ASX archive is shallower than its performance table)"
ASX:TVL,ASX,TVL,Touch Ventures Limited,private_equity,Shares,AUD,LIC,41790000.0,live,,,-0.04941869454847003,1.9137577002053388,unspecified,computed,22,,,computed,computed,-0.46296297841601897,2026-08-14,-0.42826154056237425,-0.42826154056237425,-0.42826154056237425,0.036497167993125926,-0.9507980964490332,1.0,-0.47622754059885164,private_equity@global,4,,0.040817265887767316,-0.04941869454847003,0.05081726588776732,0.07,0.16063426404688036,single_window,0.01,-0.004989447428461413,-0.004989447428461413,1.0,0.005,0.030827818459305902,False,only 1.9y of NTA history and no stated 5y return (need 5y),,27.38205128205128,31.995833333333334,,20.0,0.43250000000000005,,,,,ok,https://www.asx.com.au/content/dam/asx/issuers/asx-investment-products-reports/2026/excel/asx-investment-products-july-2026-abs.xlsx,no distributions found: the 'total return' equals NAV price growth for this fund and understates it if it in fact pays distributions
ASX:LSF,ASX,LSF,L1 Long Short Fund Limited,hedge_multi_asset,Shares,AUD,LIC,2913130000.0,live,0.1836492,,0.21142747374662307,1.9137577002053388,unspecified,computed,22,stated,,computed,stated,0.07713692271656969,2026-08-14,-0.0041145712261361315,-0.0041145712261361315,-0.0041145712261361315,0.09861120788802918,0.8239580031811908,0.029585798816568046,-0.05175489119801036,hedge_multi_asset@global,3,0.04254032225347086,0.05905666922660136,0.19476050949864923,0.06905666922660136,0.045,0.16063426404688036,deteriorating,0.01,-0.025167634920750248,-0.025167634920750248,1.0,0.005,0.028889034305851113,True,,,22.143596904870275,1.6083449704142012,,55.0,0.5125000000000001,,,,,ok,https://www.asx.com.au/content/dam/asx/issuers/asx-investment-products-reports/2026/excel/asx-investment-products-july-2026-abs.xlsx,"5y return is the publisher's stated figure, not recomputed here (the ASX archive is shallower than its performance table)"
ASX:AIQ,ASX,AIQ,Alternative Investment Trust,hedge_multi_asset,Units,AUD,LIT,82830000.0,live,0.22929349999999998,,0.02286847029126382,1.9137577002053388,unspecified,computed,22,stated,,computed,stated,-0.09939521116988459,2026-08-14,-0.09600950774860768,-0.09600950774860768,-0.09600950774860768,0.06804550852404015,-0.04975645703464401,0.3668639053254438,-0.009436292516018997,hedge_multi_asset@global,3,0.07598633171726128,0.0330512606534743,0.03286847029126382,0.0430512606534743,0.045,0.16063426404688036,improving,0.01,0.0003249080798638673,0.009794952230149034,0.03317097135642934,0.005,0.028376168733338165,True,,,48.50072532453625,44.4386786523714,,55.0,0.5125000000000001,,,,,ok,https://www.asx.com.au/content/dam/asx/issuers/asx-investment-products-reports/2026/excel/asx-investment-products-july-2026-abs.xlsx,"5y return is the publisher's stated figure, not recomputed here (the ASX archive is shallower than its performance table)"
ASX:GVF,ASX,GVF,Staude Capital Global Value Fund Limited,equity,Shares,AUD,LIC,278730000.0,live,0.1201405,,0.04114618883677679,1.9137577002053388,unspecified,computed,22,stated,,computed,stated,0.060825754174528956,2026-08-14,0.01597077077765531,0.01597077077765531,0.01597077077765531,0.04129485048376205,1.086212514911793,0.0019723865877712033,-0.03863347195581534,equity@ASX,53,0.04817518231407506,0.052774603239551195,0.05114618883677679,0.0627746032395512,0.065,0.16063426404688036,improving,0.01,-0.019496860722233667,-0.019496860722233667,1.0,0.005,0.028277742517317527,True,,,48.87649825519648,20.04930966469428,,95.0,0.5125000000000001,,,,,ok,https://www.asx.com.au/content/dam/asx/issuers/asx-investment-products-reports/2026/excel/asx-investment-products-july-2026-abs.xlsx,"5y return is the publisher's stated figure, not recomputed here (the ASX archive is shallower than its performance table)"
ASX:WHI,ASX,WHI,Whitefield Income Limited,debt,Shares,AUD,LIC,416360000.0,live,,,0.05103032341081137,1.5824777549623545,unspecified,computed,19,,,computed,computed,0.07438012588122667,2026-08-14,0.07707767816051785,0.07707767816051785,0.07707767816051785,0.03577744711622891,-0.07539812079178645,0.0,0.03796688423453983,debt@ASX,12,0.056420313761092286,0.04014076986915233,0.05103032341081137,0.050140769869152335,0.05,0.13662687625576173,single_window,0.01,-0.006872274647428345,-0.006872274647428345,1.0,0.005,0.028268495221723988,False,only 1.6y of NTA history and no stated 5y return (need 5y),,36.53846153846154,25.0,,55.0,0.43250000000000005,,,,,ok,https://www.asx.com.au/content/dam/asx/issuers/asx-investment-products-reports/2026/excel/asx-investment-products-july-2026-abs.xlsx,
ASX:RYD,ASX,RYD,Ryder Capital Limited,equity,Shares,AUD,LIC,164320000.0,live,0.1296054,,0.20316933501755008,1.9137577002053388,unspecified,computed,22,stated,,computed,stated,0.05034586865932167,2026-08-14,-0.12298991879605678,-0.12298991879605678,-0.12298991879605678,0.1043855733403969,1.66053394074043,0.7258382642998028,-0.10811381674267138,equity@ASX,53,0.04205607270473943,0.065104596307229,0.15903097400702004,0.080104596307229,0.065,0.16063426404688036,deteriorating,0.015,-0.03217815405438784,-0.03217815405438784,1.0,0.005,0.027926442252841164,True,,,60.01289637384312,38.145956607495066,,95.0,0.5125000000000001,,,,,ok,https://www.asx.com.au/content/dam/asx/issuers/asx-investment-products-reports/2026/excel/asx-investment-products-july-2026-abs.xlsx,"5y return is the publisher's stated figure, not recomputed here (the ASX archive is shallower than its performance table)"
ASX:SEC,ASX,SEC,Spheria Emerging Companies Limited,small_cap_equity,Shares,AUD,LIC,142050000.0,live,0.09223507,,0.03448437573513008,1.9137577002053388,unspecified,computed,22,stated,,computed,stated,0.04557636915518826,2026-08-14,-0.0040718629250978584,-0.0040718629250978584,-0.0040718629250978584,0.05690224069894121,0.8725180497366587,0.029585798816568046,-0.04583573756386324,small_cap_equity@global,4,0.06709401955501107,0.0509013164745159,0.04448437573513008,0.0659013164745159,0.07,0.16063426404688036,improving,0.015,-0.018131160745020414,-0.018131160745020414,1.0,0.005,0.027770155729495486,True,,,41.609012289485655,20.7396449704142,,75.0,0.5125000000000001,,,,,ok,https://www.asx.com.au/content/dam/asx/issuers/asx-investment-products-reports/2026/excel/asx-investment-products-july-2026-abs.xlsx,"5y return is the publisher's stated figure, not recomputed here (the ASX archive is shallower than its performance table)"
ASX:LF1,ASX,LF1,La Trobe Private Credit Fund,debt,Units,AUD,LIC,260410000.00000003,live,,,0.0026390006178644843,0.999315537303217,unspecified,computed,13,,,computed,computed,-0.03553300702632378,2026-08-14,-0.01588017309580229,-0.01588017309580229,-0.01588017309580229,0.02028382801551832,-0.9688917651779496,0.0,-0.006766824858968698,debt@ASX,12,0.006031746077399376,0.030697133845804747,0.0026390006178644843,0.04569713384580475,0.05,0.09085252022401992,single_window,0.015,0.0019151532459843672,0.0029649646866891644,0.6459278434519664,0.005,0.027612287091789114,False,only 1.0y of NTA history and no stated 5y return (need 5y),,41.7016224402945,33.39013646547856,,55.0,0.43250000000000005,,,,,ok,https://www.asx.com.au/content/dam/asx/issuers/asx-investment-products-reports/2026/excel/asx-investment-products-july-2026-abs.xlsx,
ASX:SET,ASX,SET,Solaris Australian Equity Income Plus Limited,debt,Shares,AUD,LIC,202520000.0,live,,,0.10898889486590235,0.16700889801505817,unspecified,computed,3,,,computed,computed,0.08312347373674123,2026-08-14,0.07650619761854746,0.07650619761854746,0.07650619761854746,0.017671899640251825,0.3744518842287557,0.0,0.03768114396355464,debt@ASX,12,0.0014018690901579814,0.04096898413540327,0.10898889486590235,0.050968984135403274,0.05,0.016426551770566847,single_window,0.01,-0.008535448024014292,-0.008535448024014292,1.0,0.005,0.02743353611138898,False,only 0.2y of NTA history and no stated 5y return (need 5y),,36.53846153846154,25.0,,55.0,0.43250000000000005,,,,,ok,https://www.asx.com.au/content/dam/asx/issuers/asx-investment-products-reports/2026/excel/asx-investment-products-july-2026-abs.xlsx,
ASX:MFF,ASX,MFF,MFF Capital Investments Limited,equity,Shares,AUD,LIC,3107740000.0,live,0.1759813,,0.10388242562722416,1.9137577002053388,unspecified,computed,22,stated,,computed,stated,0.07192945394361216,2026-08-14,-0.07292559241306806,-0.07292559241306806,-0.07292559241306806,0.061998440673604445,2.3364304776515388,0.42011834319526625,-0.08308165355117703,equity@ASX,53,0.03499079300305114,0.06285219246545552,0.11388242562722416,0.07285219246545552,0.065,0.16063426404688036,improving,0.01,-0.030756512436946215,-0.030756512436946215,1.0,0.005,0.027095680028509306,True,,,43.00182066454256,10.502958579881657,,95.0,0.5125000000000001,,,,,ok,https://www.asx.com.au/content/dam/asx/issuers/asx-investment-products-reports/2026/excel/asx-investment-products-july-2026-abs.xlsx,"5y return is the publisher's stated figure, not recomputed here (the ASX archive is shallower than its performance table)"
ASX:WGB,ASX,WGB,WAM Global Limited,equity,Shares,AUD,LIC,783930000.0,live,0.04264318,,0.0028322242950948873,1.9137577002053388,unspecified,computed,22,stated,,computed,stated,-0.024608471249573882,2026-08-14,-0.047365767392032326,-0.047365767392032326,-0.047365767392032326,0.05826898920017716,0.3905558763732468,0.23471400394477318,-0.07030174104065916,equity@ASX,53,0.06421568747531083,0.04162006774267985,0.012832224295094887,0.05662006774267985,0.065,0.16063426404688036,improving,0.015,-0.009549882969154488,-0.009549882969154488,1.0,0.005,0.027070184773525362,True,,,53.634547752996504,27.781140098619325,,95.0,0.5125000000000001,,,,,ok,https://www.asx.com.au/content/dam/asx/issuers/asx-investment-products-reports/2026/excel/asx-investment-products-july-2026-abs.xlsx,"5y return is the publisher's stated figure, not recomputed here (the ASX archive is shallower than its performance table)"
ASX:PIC,ASX,PIC,Perpetual Equity Investment Company Limited,equity,Shares,AUD,LIC,458460000.0,live,0.06826578,,0.00946173905712877,1.9137577002053388,unspecified,computed,22,stated,,computed,stated,0.010770529088839575,2026-08-14,-0.04364332689743694,-0.04364332689743694,-0.04364332689743694,0.03661418617115212,1.4861413478349697,0.08086785009861933,-0.06844052079336146,equity@ASX,53,0.06530612117794346,0.04768499496746709,0.019461739057128773,0.05768499496746709,0.065,0.16063426404688036,improving,0.01,-0.016189159410312737,-0.016189159410312737,1.0,0.005,0.02649583555715435,True,,,50.09027461690183,22.021696252465482,,95.0,0.5125000000000001,,,,,ok,https://www.asx.com.au/content/dam/asx/issuers/asx-investment-products-reports/2026/excel/asx-investment-products-july-2026-abs.xlsx,"5y return is the publisher's stated figure, not recomputed here (the ASX archive is shallower than its performance table)"
ASX:CDO,ASX,CDO,Cadence Opportunities Fund Limited,equity,Shares,AUD,LIC,34990000.0,live,,,0.08559405322776326,1.9137577002053388,unspecified,computed,21,,,computed,computed,0.03919779917491817,2026-08-14,-0.09331735309586485,-0.09331735309586485,-0.09331735309586485,0.09106118770265129,1.4552319776839984,0.5501618122977346,-0.09327753389257543,equity@ASX,53,0.06444444444444446,0.05830811058398403,0.08559405322776326,0.06830811058398403,0.065,0.16063426404688036,single_window,0.01,-0.026905021094899895,-0.026905021094899895,1.0,0.005,0.026403089489084135,False,only 1.9y of NTA history and no stated 5y return (need 5y),,47.11849639034104,17.192556634304207,,95.0,0.43250000000000005,,,,,ok,https://www.asx.com.au/content/dam/asx/issuers/asx-investment-products-reports/2026/excel/asx-investment-products-july-2026-abs.xlsx,
ASX:WMI,ASX,WMI,WAM Microcap Limited,small_cap_equity,Shares,AUD,LIC,412160000.0,live,0.05396255,,0.0367509896530791,1.9137577002053388,unspecified,computed,22,stated,,computed,stated,0.1008744274058393,2026-08-14,0.08458167810244753,0.08458167810244753,0.08458167810244753,0.06342598927089557,0.2568781266273139,0.0,-0.01533348161275331,small_cap_equity@global,4,0.078888887495661,0.05048849959146309,0.04191445775715537,0.06548849959146309,0.07,0.16063426404688036,improving,0.015,-0.022064351931205928,-0.022064351931205928,1.0,0.005,0.023424147660257164,True,,,41.15384615384615,20.0,,75.0,0.5125000000000001,,,,,ok,https://www.asx.com.au/content/dam/asx/issuers/asx-investment-products-reports/2026/excel/asx-investment-products-july-2026-abs.xlsx,"5y return is the publisher's stated figure, not recomputed here (the ASX archive is shallower than its performance table)"
ASX:FGX,ASX,FGX,Future Generation Australia Limited,equity,Shares,AUD,LIC,556020000.0,live,0.06822565,,0.02173827203443346,1.9137577002053388,unspecified,computed,22,stated,,computed,stated,0.02387790469509321,2026-08-14,-0.09649091736971048,-0.09649091736971048,-0.09649091736971048,0.04938350363541319,2.4374297731780725,0.621301775147929,-0.09486431602949824,equity@ASX,53,0.053531597374311304,0.04965702680732369,0.03173827203443346,0.05965702680732369,0.065,0.16063426404688036,improving,0.01,-0.024352124590197977,-0.024352124590197977,1.0,0.005,0.02030490221712571,True,,,58.40464269458352,35.532544378698226,,95.0,0.5125000000000001,,,,,ok,https://www.asx.com.au/content/dam/asx/issuers/asx-investment-products-reports/2026/excel/asx-investment-products-july-2026-abs.xlsx,"5y return is the publisher's stated figure, not recomputed here (the ASX archive is shallower than its performance table)"
ASX:RG1,ASX,RG1,Regal Partners Global Investments Limited,equity,Shares,AUD,LIC,601110000.0,live,0.1060836,,0.1790707174929662,0.6625598904859685,unspecified,computed,9,stated,,computed,stated,0.00754719860148878,2026-08-14,-0.1795986445602632,-0.1795986445602632,-0.1795986445602632,0.08133946977233517,2.3007998906995977,0.7596153846153846,-0.1364181796247746,equity@ASX,53,0.041984734658309764,0.05436702636367162,0.1352784469971865,0.06936702636367162,0.065,0.062138913852869425,deteriorating,0.015,-0.030366485040549396,-0.030366485040549396,1.0,0.005,0.019000541323122223,True,,,60.532544378698226,38.99038461538461,,95.0,0.5125000000000001,,,,,ok,https://www.asx.com.au/content/dam/asx/issuers/asx-investment-products-reports/2026/excel/asx-investment-products-july-2026-abs.xlsx,"5y return is the publisher's stated figure, not recomputed here (the ASX archive is shallower than its performance table)"
ASX:RF1,ASX,RF1,Regal Investment Fund,unknown,Units,AUD,LIC,734450000.0,live,0.04698982,,0.11022456083482934,1.9137577002053388,unspecified,computed,22,stated,,computed,stated,-0.0027247722532184326,2026-08-14,-0.054327225977170844,-0.054327225977170844,-0.054327225977170844,0.04564489073994455,1.130519821330064,0.1814595660749507,-0.10567272158250195,unknown@global,4,0.03342618464317338,0.04357952837353058,0.07228371633393174,0.05357952837353058,0.05,0.16063426404688036,deteriorating,0.01,-0.021555290660122406,-0.021555290660122406,1.0,0.005,0.017024237713408174,True,,,34.33014717038385,24.536489151873766,,50.0,0.5125000000000001,,,,,ok,https://www.asx.com.au/content/dam/asx/issuers/asx-investment-products-reports/2026/excel/asx-investment-products-july-2026-abs.xlsx,"5y return is the publisher's stated figure, not recomputed here (the ASX archive is shallower than its performance table)"
ASX:BHD,ASX,BHD,Benjamin Hornigold Limited,equity,Shares,AUD,LIC,5800000.0,live,-0.06557797,,0.01704335568098103,1.9137577002053388,unspecified,computed,19,stated,,computed,stated,-0.11598302687411599,2026-08-14,-0.2656455663939843,-0.2656455663939843,-0.2656455663939843,0.04898761097082555,3.0551099870740672,1.0,-0.17630104752189907,equity@ASX,53,,0.03433343022645119,-0.032529439727607586,0.04933343022645119,0.065,0.16063426404688036,deteriorating,0.015,-0.014034810451825863,-0.014034810451825863,1.0,0.005,0.015298619774625325,True,,,64.23076923076923,45.0,,95.0,0.5125000000000001,,,,,ok,https://www.asx.com.au/content/dam/asx/issuers/asx-investment-products-reports/2026/excel/asx-investment-products-july-2026-abs.xlsx,"5y return is the publisher's stated figure, not recomputed here (the ASX archive is shallower than its performance table)"
ASX:ECL,ASX,ECL,Excelsior Capital Ltd,equity,Shares,AUD,LIC,27400000.0,live,0.2891512,,-0.04528564933512669,1.9137577002053388,unspecified,computed,21,stated,,computed,stated,-0.02418769063031856,2026-08-14,-0.14445076400841003,-0.14445076400841003,-0.14445076400841003,0.16496357219877442,0.7290280622268493,0.6794354838709677,-0.11884423934884801,equity@ASX,53,2.9044210890772604,0.038890688524588414,-0.035285649335126686,0.048890688524588416,0.065,0.16063426404688036,improving,0.01,-0.020200353299737794,-0.020200353299737794,1.0,0.005,0.013690335224850619,True,,,46.99131513647642,16.985887096774192,,95.0,0.5125000000000001,,,,,ok,https://www.asx.com.au/content/dam/asx/issuers/asx-investment-products-reports/2026/excel/asx-investment-products-july-2026-abs.xlsx,"5y return is the publisher's stated figure, not recomputed here (the ASX archive is shallower than its performance table)"
ASX:NCC,ASX,NCC,Naos Emerging Opportunities Company Limited,equity,Shares,AUD,LIC,33210000.0,live,-0.057071949999999996,,0.07817144503321316,1.9137577002053388,unspecified,computed,22,stated,,computed,stated,-0.010638290263236816,2026-08-14,-0.1334628387636199,-0.1334628387636199,-0.1334628387636199,0.09519877111053714,1.2901904832129514,0.5897435897435898,-0.11335027672645294,equity@ASX,53,0.08913043316573414,0.039080951442327115,-0.0029745919867147294,0.054080951442327115,0.065,0.16063426404688036,deteriorating,0.015,-0.021683458006049094,-0.021683458006049094,1.0,0.005,0.01239749343627802,True,,,57.91913214990138,34.743589743589745,,95.0,0.5125000000000001,,,,,ok,https://www.asx.com.au/content/dam/asx/issuers/asx-investment-products-reports/2026/excel/asx-investment-products-july-2026-abs.xlsx,"5y return is the publisher's stated figure, not recomputed here (the ASX archive is shallower than its performance table)"
ASX:PL8,ASX,PL8,Plato Income Maximiser Limited,debt,Shares,AUD,LIC,1059319999.9999999,live,0.09742074,,0.07257317972851962,1.9137577002053388,unspecified,computed,22,stated,,computed,stated,0.24999995415027332,2026-08-14,0.17587618742032357,0.17587618742032357,0.17587618742032357,0.05860432575832529,1.2648173282570319,0.0,0.0873661388644427,debt@ASX,12,0.045674738826480696,0.04482343698015964,0.08002744780996374,0.054823436980159644,0.05,0.16063426404688036,improving,0.01,-0.027492047150671106,-0.027492047150671106,1.0,0.005,0.012331389829488535,True,,,33.09649230769231,19.406800000000004,,55.0,0.5125000000000001,,,,,ok,https://www.asx.com.au/content/dam/asx/issuers/asx-investment-products-reports/2026/excel/asx-investment-products-july-2026-abs.xlsx,"5y return is the publisher's stated figure, not recomputed here (the ASX archive is shallower than its performance table)"
ASX:SNC,ASX,SNC,Sandon Capital Investments Limited,equity,Shares,AUD,LIC,107660000.0,live,0.02784859,,-0.04964195087114898,1.9137577002053388,unspecified,computed,22,stated,,computed,stated,-0.007633624186042631,2026-08-14,-0.0886745061667472,-0.0886745061667472,-0.0886745061667472,0.06369296147803614,1.272367936740556,0.4556213017751479,-0.0909561104280166,equity@ASX,53,0.06939597271019358,0.03319091723338318,-0.039641950871148975,0.04819091723338318,0.065,0.16063426404688036,improving,0.015,-0.01738687177680509,-0.01738687177680509,1.0,0.005,0.01080404545657809,True,,,63.10269695038689,43.166882544378694,,95.0,0.5125000000000001,,,,,ok,https://www.asx.com.au/content/dam/asx/issuers/asx-investment-products-reports/2026/excel/asx-investment-products-july-2026-abs.xlsx,"5y return is the publisher's stated figure, not recomputed here (the ASX archive is shallower than its performance table)"
ASX:FSI,ASX,FSI,Flagship Investments Limited,equity,Shares,AUD,LIC,32580000.0,live,-0.056652469999999996,,-0.20541131293922343,1.9137577002053388,unspecified,computed,22,stated,,computed,stated,-0.15474645493089456,2026-08-14,-0.19597646988176376,-0.19597646988176376,-0.19597646988176376,0.06501577615921068,0.6341540067122341,0.9368836291913215,-0.1414664992657888,equity@ASX,53,0.085245899640242,0.008169020396525999,-0.19541131293922342,0.023169020396525998,0.065,0.16063426404688036,improving,0.015,0.0006621444087453457,0.0015662072660667103,0.42276933780815606,0.005,0.003831164805271345,True,,,65.16661357024064,46.520747051641045,,95.0,0.5125000000000001,,,,,ok,https://www.asx.com.au/content/dam/asx/issuers/asx-investment-products-reports/2026/excel/asx-investment-products-july-2026-abs.xlsx,"5y return is the publisher's stated figure, not recomputed here (the ASX archive is shallower than its performance table)"
ASX:ECP,ASX,ECP,ECP Emerging Growth Limited,equity,Shares,AUD,LIC,11840000.0,live,-0.1037849,,-0.21499825914383197,1.9137577002053388,unspecified,computed,22,stated,,computed,stated,-0.25531916738248195,2026-08-14,-0.24453341995480088,-0.24453341995480088,-0.24453341995480088,0.05930177453380816,-0.18187899961631124,0.9980276134122288,-0.16574497430230736,equity@ASX,53,0.08409090574943671,0.006629028348491675,-0.20499825914383196,0.021629028348491675,0.065,0.16063426404688036,improving,0.015,0.001424620033306091,0.011749185197120982,0.12125266641087416,0.005,0.003053648381797767,True,,,77.06236023836705,65.85133538734645,,95.0,0.5125000000000001,,,,,ok,https://www.asx.com.au/content/dam/asx/issuers/asx-investment-products-reports/2026/excel/asx-investment-products-july-2026-abs.xlsx,"5y return is the publisher's stated figure, not recomputed here (the ASX archive is shallower than its performance table)"
ASX:8IH,ASX,8IH,8I Holdings Ltd,unknown,CDI,AUD,LIC,4530000.0,live,-0.327943,,0.07818932158390757,1.8316221765913758,unspecified,computed,21,stated,,computed,stated,-0.6955503450065363,2026-08-14,-0.6966344040084771,-0.6966344040084771,-0.6966344040084771,0.11180731934426298,0.009695778490161755,0.9958762886597938,-0.39280355248586596,unknown@global,4,,0.006640551256705702,-0.16549007136643695,0.016640551256705702,0.05,0.15480735855605693,deteriorating,0.01,0.000543397242179581,0.08406708796992879,0.006463852326774503,0.005,0.0021839484988852827,True,,,68.3980967486122,79.89690721649484,,50.0,0.5125000000000001,,,,,ok,https://www.asx.com.au/content/dam/asx/issuers/asx-investment-products-reports/2026/excel/asx-investment-products-july-2026-abs.xlsx,"5y return is the publisher's stated figure, not recomputed here (the ASX archive is shallower than its performance table)"
ASX:LGF,ASX,LGF,L1 Gold Fund Limited,equity,Shares,AUD,LIC,914380000.0,live,,,-0.017574983847972847,0.16700889801505817,unspecified,computed,3,,,computed,computed,0.25470517148609306,2026-08-14,0.10556300858632625,0.10556300858632625,0.10556300858632625,0.07286398414399284,2.0468570947895746,0.0,0.006162646948520131,equity@ASX,53,,0.04864357775286755,-0.017574983847972847,0.06364357775286755,0.065,0.016426551770566847,single_window,0.015,-0.0431908926445741,-0.0431908926445741,1.0,0.005,0.0004526851082934562,False,only 0.2y of NTA history and no stated 5y return (need 5y),,51.92307692307692,25.0,,95.0,0.43250000000000005,,,,,ok,https://www.asx.com.au/content/dam/asx/issuers/asx-investment-products-reports/2026/excel/asx-investment-products-july-2026-abs.xlsx,no distributions found: the 'total return' equals NAV price growth for this fund and understates it if it in fact pays distributions
ASX:GLS,ASX,GLS,L1 Global Long Short Fund Limited,hedge_multi_asset,Shares,AUD,LIC,1117220000.0,live,0.1357437,,0.18285763563612378,0.5859000684462696,unspecified,computed,8,stated,,computed,stated,0.19047616278529866,2026-08-14,0.1203633431245313,0.1203633431245313,0.1203633431245313,0.07597904721670165,0.9227915093591121,0.0106951871657754,0.010484065977323355,hedge_multi_asset@global,3,0.014084506285519329,0.03606546093119157,0.15458927425444952,0.05106546093119157,0.045,0.05534721324195008,deteriorating,0.015,-0.03225317943660633,-0.03225317943660633,1.0,0.005,-0.0011877185054147586,True,,,42.73149518716578,35.063679679144386,,55.0,0.5125000000000001,,,,,ok,https://www.asx.com.au/content/dam/asx/issuers/asx-investment-products-reports/2026/excel/asx-investment-products-july-2026-abs.xlsx,"5y return is the publisher's stated figure, not recomputed here (the ASX archive is shallower than its performance table)"
ASX:WAM,ASX,WAM,WAM Capital Limited,equity,Shares,AUD,LIC,1792670000.0,live,0.051905070000000005,,-0.0114591152113247,1.9137577002053388,unspecified,computed,22,stated,,computed,stated,0.2520458031012853,2026-08-14,0.09652283547153166,0.09652283547153166,0.09652283547153166,0.12996725974044715,1.196631889757027,0.0,0.0016425603911228367,equity@ASX,53,0.12601625820848017,0.039324388938822036,-0.0014591152113246995,0.054324388938822035,0.065,0.16063426404688036,improving,0.015,-0.043646370140535184,-0.043646370140535184,1.0,0.005,-0.00932198120171315,True,,,43.968184615384615,12.073300000000001,,95.0,0.5125000000000001,,,,,ok,https://www.asx.com.au/content/dam/asx/issuers/asx-investment-products-reports/2026/excel/asx-investment-products-july-2026-abs.xlsx,"5y return is the publisher's stated figure, not recomputed here (the ASX archive is shallower than its performance table)"
ASX:NAC,ASX,NAC,Naos Ex-50 Opportunities Company Limited,equity,Shares,AUD,LIC,24040000.0,live,-0.05192451,,0.06637246476844316,1.9137577002053388,unspecified,computed,22,stated,,computed,stated,0.15384619969588065,2026-08-14,-0.0666345136447804,-0.0666345136447804,-0.0666345136447804,0.18859002100518266,1.1691006351529172,0.4339250493096647,-0.0799361141670332,equity@ASX,53,0.10163934187875008,0.0388189363794684,-0.00460572009262273,0.0538189363794684,0.065,0.16063426404688036,deteriorating,0.015,-0.044272655130779714,-0.044272655130779714,1.0,0.005,-0.010453718751311316,True,,,55.52192383553331,30.848126232741617,,95.0,0.5125000000000001,,,,,ok,https://www.asx.com.au/content/dam/asx/issuers/asx-investment-products-reports/2026/excel/asx-investment-products-july-2026-abs.xlsx,"5y return is the publisher's stated figure, not recomputed here (the ASX archive is shallower than its performance table)"
ASX:WAX,ASX,WAX,WAM Research Limited,equity,Shares,AUD,LIC,225790000.0,live,0.016220909999999998,,-0.045157844073764886,1.9137577002053388,unspecified,computed,22,stated,,computed,stated,0.3477260443892598,2026-08-14,0.15134982762488286,0.15134982762488286,0.15134982762488286,0.1298864558870133,1.5119068067820889,0.0,0.029056056467798436,equity@ASX,53,0.11235955236777112,0.03391121842868859,-0.035157844073764884,0.04891121842868859,0.065,0.16063426404688036,improving,0.015,-0.05252560461540001,-0.05252560461540001,1.0,0.005,-0.02361438618671142,True,,,60.86346871794872,39.52813666666667,,95.0,0.5125000000000001,,,,,ok,https://www.asx.com.au/content/dam/asx/issuers/asx-investment-products-reports/2026/excel/asx-investment-products-july-2026-abs.xlsx,"5y return is the publisher's stated figure, not recomputed here (the ASX archive is shallower than its performance table)"
ASX:NSC,ASX,NSC,Naos Small Cap Opportunities Company Limited,small_cap_equity,Shares,AUD,LIC,41580000.0,live,-0.09819528999999999,,-0.24925891677455614,1.9137577002053388,unspecified,computed,22,stated,,computed,stated,0.12499999148505059,2026-08-14,-0.07856211869022371,-0.07856211869022371,-0.07856211869022371,0.12213813910957808,1.666654753865584,0.5364891518737672,-0.09690538000908894,small_cap_equity@global,4,0.15384615948919736,0.005322421503983758,-0.23925891677455613,0.020322421503983758,0.07,0.16063426404688036,improving,0.015,-0.0429907242235803,-0.0429907242235803,1.0,0.005,-0.04266830271959654,True,,,49.73162797754514,33.938895463510846,,75.0,0.5125000000000001,,,,,ok,https://www.asx.com.au/content/dam/asx/issuers/asx-investment-products-reports/2026/excel/asx-investment-products-july-2026-abs.xlsx,"5y return is the publisher's stated figure, not recomputed here (the ASX archive is shallower than its performance table)"
ASX:BEL,ASX,BEL,Bentley Capital Limited,equity,Shares,AUD,LIC,910000.0,live,-0.3633341,,-0.9172147949394632,1.8316221765913758,unspecified,computed,18,stated,,computed,stated,0.020408140457406354,2026-08-14,-0.44075628593693555,-0.44075628593693555,-0.44075628593693555,0.7109608729032424,0.6486495164089061,0.6173120728929385,-0.2669970003131108,equity@ASX,53,,-0.10050600435369685,-0.9072147949394632,-0.08550600435369685,0.065,0.15480735855605693,improving,0.015,-0.06402043400565482,-0.06402043400565482,1.0,0.005,-0.16952643835935166,True,,,58.34326265989136,35.43280182232346,,95.0,0.5125000000000001,,,,,ok,https://www.asx.com.au/content/dam/asx/issuers/asx-investment-products-reports/2026/excel/asx-investment-products-july-2026-abs.xlsx,"5y return is the publisher's stated figure, not recomputed here (the ASX archive is shallower than its performance table)"
ASX:HCF,ASX,HCF,H&G High Conviction Limited,equity,Shares,AUD,LIC,520000.0,live,,,-0.9447572363076854,1.5770020533880904,unspecified,computed,17,,,computed,computed,1.7272726663134317,2026-04-13,1.0605213582976625,1.0605213582976625,1.0605213582976625,3.826967839861769,0.17422443456955009,0.034653465346534656,0.48364182180418824,equity@ASX,53,,-0.08754763346653109,-0.9447572363076854,-0.07254763346653109,0.065,0.1362185172046825,single_window,0.015,-0.11463958312656053,-0.11463958312656053,1.0,0.005,-0.20718721659309164,False,only 1.6y of NTA history and no stated 5y return (need 5y),,37.204874333587206,1.0829207920792079,,95.0,0.43250000000000005,,,,,ok,https://www.asx.com.au/content/dam/asx/issuers/asx-investment-products-reports/2026/excel/asx-investment-products-july-2026-abs.xlsx,
ASX:AIX,ASX,AIX,AI Private Opportunities Trust,unknown,Units,AUD,LIT,239730000.0,live,,,,,,computed,0,,,,computed,,,,,,,,,,unknown@ASX,5,,,,,,,,,,,,0.005,,False,no NTA total-return estimate,,80.76923076923076,100.0,,50.0,0.1925,,,,,ok,https://www.asx.com.au/content/dam/asx/issuers/asx-investment-products-reports/2026/excel/asx-investment-products-july-2026-abs.xlsx,fewer than two usable NTA observations | no price/NTA pair inside the 45-day window — discount not computable
ASX:MA1,ASX,MA1,MA Credit Income Trust,debt,Units,AUD,LIT,553790000.0,live,,,,,,computed,0,,,,computed,,,,,,,,,,debt@ASX,13,0.07157531940654246,,,,,,,,,,,0.005,,False,no NTA total-return estimate,,82.6923076923077,100.0,,55.0,0.1925,,,,,ok,https://www.asx.com.au/content/dam/asx/issuers/asx-investment-products-reports/2026/excel/asx-investment-products-july-2026-abs.xlsx,fewer than two usable NTA observations | no price/NTA pair inside the 45-day window — discount not computable
NZX:BRM,NZX,BRM,Barramundi Limited,equity,equity,NZD,listed_investment_company,,live,,,,,,computed,0,,,,computed,,,,,,,,,,equity@global,54,0.10186722132787773,,,,,,,,,,,0.005,,False,no NTA total-return estimate,,95.0,,,95.0,0.1125,,,,,semi_manual_unverified,https://www.nzx.com/markets/NZSX,fewer than two usable NTA observations | no price/NTA pair inside the 45-day window — discount not computable
NZX:KFL,NZX,KFL,Kingfish Limited,small_cap_equity,small_cap_equity,NZD,listed_investment_company,,live,,,,,,computed,0,,,,computed,,,,,,,,,,small_cap_equity@global,5,0.08771186830565303,,,,,,,,,,,0.005,,False,no NTA total-return estimate,,75.0,,,75.0,0.1125,,,,,semi_manual_unverified,https://www.nzx.com/markets/NZSX,fewer than two usable NTA observations | no price/NTA pair inside the 45-day window — discount not computable
NZX:MLN,NZX,MLN,Marlin Global Limited,equity,equity,NZD,listed_investment_company,,live,,,,,,computed,0,,,,computed,,,,,,,,,,equity@global,54,0.09874651882722299,,,,,,,,,,,0.005,,False,no NTA total-return estimate,,95.0,,,95.0,0.1125,,,,,semi_manual_unverified,https://www.nzx.com/markets/NZSX,fewer than two usable NTA observations | no price/NTA pair inside the 45-day window — discount not computable
